name,path,category,tags,Size
Add Circled,M13 11h5v2h-5v5h-2v-5H6v-2h5V6h2Zm10 1A11 11 0 1 1 12 1a11 11 0 0 1 11 11Zm-2 0a9 9 0 1 0-9 9 9 9 0 0 0 9-9Z,Actions,Plus,24px
Add Task,m17.29 7.29 1.42 1.42-8 8a1 1 0 0 1-1.42 0l-4-4 1.42-1.42 3.29 3.3ZM3 12a9 9 0 0 1 18 0h2a11 11 0 1 0-11 11v-2a9 9 0 0 1-9-9Zm17 3h-2v3h-3v2h3v3h2v-3h3v-2h-3Z,Actions,Check,24px
Antenna,m19.78 19.78-1.42-1.42a9 9 0 1 0-12.72 0l-1.42 1.42a11 11 0 1 1 15.56 0ZM17 17a7 7 0 1 0-9.9 0l1.41-1.41a5 5 0 1 1 7.08 0Zm-4 4h4v2H7v-2h4v-6.18a3 3 0 1 1 2 0Zm-2-9a1 1 0 1 0 1-1 1 1 0 0 0-1 1Z,System,,24px
API,M18.5 16H17v-2h1.5a2.5 2.5 0 0 0 0-5H17V7.5a4.5 4.5 0 0 0-8.83-1.23L8 7H6.5a3.5 3.5 0 0 0 0 7H7v2h-.5a5.5 5.5 0 0 1 0-11A6.5 6.5 0 0 1 19 7a4.5 4.5 0 0 1-.48 9ZM15 11h-2v11h5v-2h-3Zm-6 7H6v2h5v-9H9Zm-5.5-.5A1.5 1.5 0 1 0 5 19a1.5 1.5 0 0 0-1.5-1.5Zm17 2A1.5 1.5 0 1 0 22 21a1.5 1.5 0 0 0-1.5-1.5Z,Technology,Cloud,24px
Archive,M22 2.74H2a1 1 0 0 0-1 1v5a1 1 0 0 0 1 1h20a1 1 0 0 0 1-1v-5a1 1 0 0 0-1-1Zm-1 5H3v-3h18Zm-5 4v2H8v-2Zm3-1h2v11a1 1 0 0 1-1 1H4a1 1 0 0 1-1-1v-11h2v10h14Z,Media,,24px
Arrow Down,M19.293 12.293 13 18.586V2h-2v16.586l-6.293-6.293-1.414 1.414 8 8c.195.195.451.293.707.293.256 0 .512-.098.707-.293l8-8-1.414-1.414Z,Navigation,Arrow,24px
Arrow Left,M22 11H5.41401L11.707 4.70703l-1.414-1.414L2.29301 11.293c-.391.391-.391 1.023 0 1.414l7.99999 8 1.414-1.414L5.41401 13H22v-2Z,Navigation,Arrow,24px
Arrow Out,M18 5H7.00003v2H15.586L4.29303 18.293l1.414 1.414L17 8.414V17h2V6c0-.553-.448-1-1-1Z,Navigation,Arrow,24px
Arrow Right,m21.707 11.293-8-7.99997-1.414 1.414L18.586 11H2v2h16.586l-6.293 6.293 1.414 1.414 8-8c.391-.391.391-1.023 0-1.414Z,Navigation,Arrow,24px
Arrow Up,m20.707 10.293-8-7.99999c-.391-.391-1.023-.391-1.414 0l-8 7.99999 1.414 1.414L11 5.41401V22h2V5.41401l6.293 6.29299 1.414-1.414Z,Navigation,Arrow,24px
Award,M22 6h-1.35A3.45 3.45 0 0 0 21 4.5 3.5 3.5 0 0 0 17.5 1c-2.17 0-3.74 1.7-5.5 4.22C10.24 2.7 8.67 1 6.5 1A3.5 3.5 0 0 0 3 4.5 3.45 3.45 0 0 0 3.35 6H2a1 1 0 0 0-1 1v14a1 1 0 0 0 1 1h20a1 1 0 0 0 1-1V7a1 1 0 0 0-1-1Zm-4.5-3a1.5 1.5 0 0 1 0 3h-3.6c1.29-1.82 2.4-3 3.6-3ZM5 4.5A1.5 1.5 0 0 1 6.5 3c1.2 0 2.31 1.18 3.6 3H6.5A1.5 1.5 0 0 1 5 4.5ZM21 20H3V8h18Zm-8-7h3v2h-3v3h-2v-3H8v-2h3v-3h2Z,Miscellaneous,,24px
Battery,M22 8h-2V6a1 1 0 0 0-1-1H2a1 1 0 0 0-1 1v12a1 1 0 0 0 1 1h17a1 1 0 0 0 1-1v-2h2a1 1 0 0 0 1-1V9a1 1 0 0 0-1-1Zm-4 9H3V7h15Zm3-3h-1v-4h1Z,System,Battery,24px
Battery Off,M18 7v8.18l2 2V16h2a1 1 0 0 0 1-1V9a1 1 0 0 0-1-1h-2V6a1 1 0 0 0-1-1H7.82l2 2Zm3 3v4h-1v-4ZM2.21.79.79 2.21 3.59 5H2a1 1 0 0 0-1 1v12a1 1 0 0 0 1 1h15.59l4.2 4.21 1.42-1.42ZM3 17V7h2.59l10 10Z,System,Battery,24px
Block Quote,M1 1h2v22H1Zm4 15h18v-2H5ZM5 2v2h18V2Zm16 6H5v2h16ZM5 22h16v-2H5Z,Communication,List,24px
Bolt,M20.92 9.6A1 1 0 0 0 20 9h-5.72L16 2.24a1 1 0 0 0-1.71-.92l-11 12a1 1 0 0 0-.18 1.08A1 1 0 0 0 4 15h5.72L8 21.76A1 1 0 0 0 9 23a1 1 0 0 0 .74-.32l11-12a1 1 0 0 0 .18-1.08Zm-10 8.82L12.28 13h-6l6.8-7.42L11.72 11h6Z,System,Weather,24px
Book Closed,M20 1H4a1 1 0 0 0-1 1v20a1 1 0 0 0 1 1h14a2 2 0 0 0 2-2H5.27A2 2 0 0 1 7 20h13a1 1 0 0 0 1-1V2a1 1 0 0 0-1-1Zm-1 17H7a4 4 0 0 0-2 .54V3h14Z,Media,,24px
Book Open,M22.67 4.25A8.57 8.57 0 0 0 17 2a8.39 8.39 0 0 0-5 1.71A8.39 8.39 0 0 0 7 2a8.57 8.57 0 0 0-5.67 2.25A1 1 0 0 0 1 5v16a1 1 0 0 0 1.67.75A6.5 6.5 0 0 1 7 20a6.5 6.5 0 0 1 4.33 1.75.82.82 0 0 0 .25.16h.08A1 1 0 0 0 12 22h.1a1.3 1.3 0 0 0 .33-.07l.11-.08a.57.57 0 0 0 .13-.08A6.5 6.5 0 0 1 17 20a6.5 6.5 0 0 1 4.33 1.75A1 1 0 0 0 22 22a1 1 0 0 0 .41-.09A1 1 0 0 0 23 21V5a1 1 0 0 0-.33-.75ZM3 19.06V5.46a6.35 6.35 0 0 1 8 0v13.6A8.28 8.28 0 0 0 7 18a8.28 8.28 0 0 0-4 1.06Zm18 0a8.08 8.08 0 0 0-8 0V5.46a6.35 6.35 0 0 1 8 0Z,Media,,24px
Bookmark,M19 23a.94.94 0 0 1-.58-.19L12 18.23l-6.42 4.58A1 1 0 0 1 4 22V2a1 1 0 0 1 1-1h14a1 1 0 0 1 1 1v20a1 1 0 0 1-.54.89A1.07 1.07 0 0 1 19 23Zm-7-7a1 1 0 0 1 .58.19L18 20.06V3H6v17.06l5.42-3.87A1 1 0 0 1 12 16Z,Media,,24px
Bookmark Multiple,M20 1H8a1 1 0 0 0-1 1v1h12v16.53l.45.3A1 1 0 0 0 21 19V2a1 1 0 0 0-1-1Zm-3 22a1 1 0 0 1-.52-.15l-6-3.68-6 3.68a1 1 0 0 1-1 0A1 1 0 0 1 3 22V5a1 1 0 0 1 1-1h13a1 1 0 0 1 1 1v17a1 1 0 0 1-.51.87A1 1 0 0 1 17 23Zm-6.5-6a1 1 0 0 1 .52.15l5 3.06V6H5v14.21l5-3.06a1 1 0 0 1 .5-.15Z,Media,,24px
Brightness,M13 5h-2V1h2Zm-2 18h2v-4h-2Zm8-12v2h4v-2ZM5 11H1v2h4Zm15.49-6.07-1.42-1.42-2.83 2.83 1.42 1.42Zm-17 14.14 1.42 1.42 2.83-2.83-1.4-1.42Zm12.73-1.41 2.83 2.83 1.42-1.42-2.83-2.83ZM7.76 6.34 4.93 3.51 3.51 4.93l2.83 2.83ZM18 12a6 6 0 1 1-6-6 6 6 0 0 1 6 6Zm-2 0a4 4 0 1 0-4 4 4 4 0 0 0 4-4Z,System,,24px
Close,m13.414 12 6.293 6.293-1.414 1.414L12 13.414l-6.293 6.293-1.414-1.414L10.586 12 4.293 5.707l1.414-1.414L12 10.586l6.293-6.293 1.414 1.414L13.414 12z,Actions,Close,24px
Close Circled,M12 1a11 11 0 1 0 11 11A11 11 0 0 0 12 1Zm0 20a9 9 0 1 1 9-9 9 9 0 0 1-9 9Zm5-12.54L13.41 12 17 15.54 15.54 17 12 13.41 8.46 17l-1.41-1.46L10.59 12 7.05 8.46l1.41-1.41L12 10.59l3.54-3.54Z,Actions,Close,24px
Cloud Download,M15 17.59 16.41 19l-3.7 3.71a1 1 0 0 1-1.42 0L7.59 19 9 17.59l2 2V9h2v10.59ZM19 7A6.5 6.5 0 0 0 6.5 5a5.5 5.5 0 0 0 0 11H9v-2H6.5a3.5 3.5 0 0 1 0-7H8l.2-.73A4.5 4.5 0 0 1 17 7.5V9h1.5a2.5 2.5 0 0 1 0 5H15v2h3.5a4.5 4.5 0 0 0 .5-9Z,Technology,Cloud,24px
Cloud Sync,M16 16v3.59l2-2L19.41 19l-3.7 3.71a1 1 0 0 1-1.42 0L10.59 19 12 17.59l2 2V14h4.5a2.5 2.5 0 0 0 0-5H17V7.5a4.5 4.5 0 0 0-8.83-1.23L8 7H6.5a3.5 3.5 0 0 0 0 7H10v-3.59l-2 2L6.59 11l3.7-3.71a1 1 0 0 1 1.42 0l3.7 3.71L14 12.41l-2-2V16H6.5a5.5 5.5 0 0 1 0-11A6.5 6.5 0 0 1 19 7a4.5 4.5 0 0 1-.48 9Z,Technology,Cloud,24px
Cloud Upload,M13 10.41V21h-2V10.41l-2 2L7.59 11l3.7-3.71a1 1 0 0 1 1.42 0l3.7 3.71L15 12.41ZM19 7A6.5 6.5 0 0 0 6.5 5a5.5 5.5 0 0 0 0 11H9v-2H6.5a3.5 3.5 0 0 1 0-7H8l.2-.73A4.5 4.5 0 0 1 17 7.5V9h1.5a2.5 2.5 0 0 1 0 5H15v2h3.5a4.5 4.5 0 0 0 .5-9Z,Technology,Cloud,24px
Code,m10.47 21.24-1.94-.48 4.5-18 1.97.48Zm12.24-8.53a1 1 0 0 0 0-1.42l-5-5-1.42 1.42 4.3 4.29-4.3 4.29 1.42 1.42Zm-15 3.58L3.41 12l4.3-4.29-1.42-1.42-5 5a1 1 0 0 0 0 1.42l5 5Z,Media,,24px
Code Brackets,M19 23h-4v-2h3v-6a1 1 0 0 1 .29-.71l2.3-2.29-2.3-2.29A1 1 0 0 1 18 9V3h-3V1h4a1 1 0 0 1 1 1v6.59l2.71 2.7a1 1 0 0 1 0 1.42L20 15.41V22a1 1 0 0 1-1 1ZM9 21H6v-6a1 1 0 0 0-.29-.71L3.41 12l2.3-2.29A1 1 0 0 0 6 9V3h3V1H5a1 1 0 0 0-1 1v6.59l-2.71 2.7a1 1 0 0 0 0 1.42L4 15.41V22a1 1 0 0 0 1 1h4Z,Media,,24px
Code Terminal,m2.71 20.71-1.42-1.42L8.59 12l-7.3-7.29 1.42-1.42 8 8a1 1 0 0 1 0 1.42ZM23 19H10v2h13Z,Media,,24px
Collapse,M14 9V2h2v4.59l6.29-6.3 1.42 1.42L17.41 8H22v2h-7a1 1 0 0 1-1-1Zm-5 5H2v2h4.59l-6.3 6.29 1.42 1.42L8 17.41V22h2v-7a1 1 0 0 0-1-1Zm13 2v-2h-7a1 1 0 0 0-1 1v7h2v-4.59l6.29 6.3 1.42-1.42-6.3-6.29ZM8 6.59 1.71.29.29 1.71 6.59 8H2v2h7a1 1 0 0 0 1-1V2H8Z,Actions,Arrow,24px
Command,M18.5 14H16v-4h2.5A4.5 4.5 0 1 0 14 5.5V8h-4V5.5A4.5 4.5 0 1 0 5.5 10H8v4H5.5a4.5 4.5 0 1 0 4.5 4.5V16h4v2.5a4.5 4.5 0 1 0 4.5-4.5ZM16 5.5A2.5 2.5 0 1 1 18.5 8H16ZM5.5 8A2.5 2.5 0 1 1 8 5.5V8ZM8 18.5A2.5 2.5 0 1 1 5.5 16H8Zm2-4.5v-4h4v4Zm8.5 7a2.5 2.5 0 0 1-2.5-2.5V16h2.5a2.5 2.5 0 0 1 0 5Z,Technology,,24px
Complete,M9 19a1 1 0 0 1-.71-.29l-6-6 1.42-1.42L9 16.59l11.29-11.3 1.42 1.42-12 12A1 1 0 0 1 9 19Z,Actions,Check,24px
Complete Circled,m18.71 8.71-8 8a1 1 0 0 1-1.42 0l-4-4 1.42-1.42 3.29 3.3 7.29-7.3ZM23 12A11 11 0 1 1 12 1a11 11 0 0 1 11 11Zm-2 0a9 9 0 1 0-9 9 9 9 0 0 0 9-9Z,Actions,Check,24px
Conversation,M7.21 16.8a6.63 6.63 0 0 1-.87-.36l-4 1.5A1 1 0 0 1 2 18a1 1 0 0 1-.7-.29 1 1 0 0 1-.24-1.06l1.49-4a8 8 0 0 1-.82-3.54 8.12 8.12 0 0 1 16.1-1.58A7.73 7.73 0 0 0 15.62 7a6.12 6.12 0 1 0-11.1 5.08 1 1 0 0 1 .07.84l-.88 2.34 2.34-.88a1 1 0 0 1 .84.06l.13.07v.46a8.21 8.21 0 0 0 .19 1.83Zm15.49 5.91a1 1 0 0 0 .23-1.06l-1.48-3.94A6.91 6.91 0 0 0 22 15a7 7 0 1 0-7 7 6.85 6.85 0 0 0 2.7-.54l3.94 1.48A1 1 0 0 0 22 23a1 1 0 0 0 .7-.29Zm-5.49-3.22A4.88 4.88 0 0 1 15 20a5 5 0 1 1 5-5 4.83 4.83 0 0 1-.52 2.21 1 1 0 0 0-.05.81l.85 2.27-2.28-.85a1 1 0 0 0-.8 0Z,Communication,Speech,24px
Crop,M23 16v2h-4v-2ZM17 6H8V1H6v5H1v2h15v8H8V9H6v8a1 1 0 0 0 1 1h9v5h2V7a1 1 0 0 0-1-1Z,Media,,24px
Cube,m21.485 6.126-9-5c-.301-.168-.67-.168-.971 0l-8.99999 5C2.19701 6.302 2 6.637 2 7v10c0 .363.197.698.515.874l9 5c.15.084.318.126.485.126.167 0 .335-.042.485-.126l9-5c.318-.176.515-.511.515-.874V7c0-.363-.197-.698-.515-.874ZM12 3.144 18.94 7 12 10.856 5.06 7 12 3.144ZM4 8.699l7 3.889v7.713l-7-3.89V8.699Zm9 11.602v-7.713l7-3.889v7.712l-7 3.89Z,Miscellaneous,Arrow,24px
Cut,M22.83 2.59a2 2 0 0 0-2.83 0l-8 8L8.43 7A4.05 4.05 0 1 0 7 8.43L10.59 12 7 15.57A4.05 4.05 0 1 0 8.43 17ZM3 5a2 2 0 1 1 2 2 2 2 0 0 1-2-2Zm2 16a2 2 0 1 1 2-2 2 2 0 0 1-2 2Zm17.83.41a2 2 0 0 1-2.83 0l-7.29-7.29 1.41-1.41Z,Actions,,24px
Database,M12 1C6.87 1 3 3.15 3 6v12c0 2.85 3.87 5 9 5s9-2.15 9-5V6c0-2.85-3.87-5-9-5Zm0 2c4 0 7 1.58 7 3s-3 3-7 3-7-1.58-7-3 3-3 7-3Zm0 18c-4 0-7-1.58-7-3v-2.79A12.66 12.66 0 0 0 12 17a12.66 12.66 0 0 0 7-1.79V18c0 1.42-3 3-7 3Zm0-6c-4 0-7-1.58-7-3V9.21A12.66 12.66 0 0 0 12 11a12.66 12.66 0 0 0 7-1.79V12c0 1.42-3 3-7 3Z,Technology,,24px
Device Laptop,M22 1H2a1 1 0 0 0-1 1v14a1 1 0 0 0 1 1h7a6.18 6.18 0 0 1-1.44 4H5v2h14v-2h-2.56A6.18 6.18 0 0 1 15 17h7a1 1 0 0 0 1-1V2a1 1 0 0 0-1-1Zm-1 2v9H3V3Zm-7 18h-4a8.43 8.43 0 0 0 1-4h2a8.43 8.43 0 0 0 1 4ZM3 15v-1h18v1Z,Technology,Device,24px
Device Smartphone,M17 1H7a2 2 0 0 0-2 2v18a2 2 0 0 0 2 2h10a2 2 0 0 0 2-2V3a2 2 0 0 0-2-2ZM7 21V3h2a1 1 0 0 0 1 1h4a1 1 0 0 0 1-1h2v18Z,Technology,,24px
Document,m19.71 6.29-5-5A1 1 0 0 0 14 1H5a1 1 0 0 0-1 1v20a1 1 0 0 0 1 1h14a1 1 0 0 0 1-1V7a1 1 0 0 0-.29-.71ZM17.59 7H14V3.41ZM6 21V3h6v5a1 1 0 0 0 1 1h5v12Z,Media,,24px
Document Request,m19.71 6.29-5-5A1 1 0 0 0 14 1H5a1 1 0 0 0-1 1v10h2V3h6v5a1 1 0 0 0 1 1h5v12h-2.95v2H19a1 1 0 0 0 1-1V7a1 1 0 0 0-.29-.71ZM14 3.41 17.59 7H14Zm.71 10.3L7.41 21H12v2H5a1 1 0 0 1-1-1v-7h2v4.59l7.29-7.3Z,Media,,24px
Documents Multiple,"m20.71 5.29-4-4A1 1 0 0 0 16 1H7a1 1 0 0 0-1 1v17a1 1 0 0 0 1 1h13a1 1 0 0 0 1-1V6a1 1 0 0 0-.29-.71ZM18.59 6H16V3.41ZM8 18V3h6v4a1 1 0 0 0 1 1h4v10Z""/><path d=""M5 4H4a1 1 0 0 0-1 1v17a1 1 0 0 0 1 1h13a1 1 0 0 0 1-1v-1H5Z",Media,,24px
Download,M6.71 8.71 5.29 7.29l6-6a1 1 0 0 1 1.42 0l6 6-1.42 1.42L13 4.41V17h-2V4.41ZM20 15v6H4v-6H2v7a1 1 0 0 0 1 1h18a1 1 0 0 0 1-1v-7Z,Actions,Arrow,24px
Draft,M19 12h2v10a1 1 0 0 1-1 1H2a1 1 0 0 1-1-1V4a1 1 0 0 1 1-1h10v2H3v16h16Zm4-7.62a2.51 2.51 0 0 1-.73 1.77l-2.56 2.56-10 10A1 1 0 0 1 9 19H6a1 1 0 0 1-1-1v-3a1 1 0 0 1 .29-.71l10-10 2.56-2.56a2.52 2.52 0 0 1 3.54 0l.88.88A2.49 2.49 0 0 1 23 4.38ZM17.59 8 16 6.41l-9 9V17h1.59ZM21 4.38a.47.47 0 0 0-.15-.38L20 3.15a.47.47 0 0 0-.38-.15.49.49 0 0 0-.35.15L17.41 5 19 6.59l1.85-1.86a.49.49 0 0 0 .15-.35Z,Media,Pencil,24px
Edit Text,M16 20h2v2h-2a4 4 0 0 1-3-1.38A4 4 0 0 1 10 22H8v-2h2a2 2 0 0 0 2-2V6a2 2 0 0 0-2-2H8V2h2a4 4 0 0 1 3 1.38A4 4 0 0 1 16 2h2v2h-2a2 2 0 0 0-2 2v12a2 2 0 0 0 2 2Zm-6-5H3V9h7V7H2a1 1 0 0 0-1 1v8a1 1 0 0 0 1 1h8Zm12-8h-6v2h5v6h-5v2h6a1 1 0 0 0 1-1V8a1 1 0 0 0-1-1Zm-12 6v-2H4v2Zm9-2h-3v2h3Z,Communication,,24px
Emoji,M12 1a11 11 0 1 0 11 11A11 11 0 0 0 12 1Zm0 20a9 9 0 1 1 9-9 9 9 0 0 1-9 9Zm7-9a7 7 0 0 1-14 0h2a5 5 0 0 0 10 0Zm-9-1H8V7h2Zm6 0h-2V7h2Z,Communication,,24px
Exclusive,m22.87 8.5-4-7A1 1 0 0 0 18 1H6a1 1 0 0 0-.87.5l-4 7a1 1 0 0 0 .05 1.07l9 13A1 1 0 0 0 11 23h2a1 1 0 0 0 .82-.43l9-13a1 1 0 0 0 .05-1.07Zm-2.6-.5h-3.52l-1.42-5h2.07Zm-13 2 2.68 8.72L3.91 10Zm6-7 1.42 5H9.33l1.42-5Zm1.4 7L12 18.6 9.35 10Zm2.09 0h3.35l-6 8.72ZM6.58 3h2.09L7.25 8H3.72Z,Miscellaneous,,24px
Expand,M23 2v7h-2V4.41l-6.29 6.3-1.42-1.42L19.59 3H15V1h7a1 1 0 0 1 1 1ZM9.29 13.29 3 19.59V15H1v7a1 1 0 0 0 1 1h7v-2H4.41l6.3-6.29ZM21 19.59l-6.29-6.3-1.42 1.42 6.3 6.29H15v2h7a1 1 0 0 0 1-1v-7h-2ZM9 3V1H2a1 1 0 0 0-1 1v7h2V4.41l6.29 6.3 1.42-1.42L4.41 3Z,Actions,Arrow,24px
Filter,M4 6H1V4h3V2h2v6H4Zm13 9h2V9h-2v2H1v2h16ZM7 4v2h16V4Zm6 16h10v-2H13Zm7-7h3v-2h-3Zm-10 5H1v2h9v2h2v-6h-2Z,System,,24px
Floppy Disc,m21.71 7.29-5-5a.93.93 0 0 0-.33-.21A1 1 0 0 0 16 2H3a1 1 0 0 0-1 1v18a1 1 0 0 0 1 1h18a1 1 0 0 0 1-1V8a1 1 0 0 0-.29-.71ZM15 4v3H9V4ZM9 20v-6h6v6Zm11 0h-3v-7a1 1 0 0 0-1-1H8a1 1 0 0 0-1 1v7H4V4h3v4a1 1 0 0 0 1 1h8a1 1 0 0 0 1-1V5.41l3 3Z,Media,,24px
Folder,M22 8H10a1 1 0 0 0-.71.29L7.59 10H2a1 1 0 0 0-1 1v10a1 1 0 0 0 1 1h20a1 1 0 0 0 1-1V9a1 1 0 0 0-1-1Zm-1 12H3v-8h5a1 1 0 0 0 .71-.29l1.7-1.71H21Zm2-15v2h-2V6H10a1 1 0 0 1-.71-.29L7.59 4H3v5H1V3a1 1 0 0 1 1-1h6a1 1 0 0 1 .71.29L10.41 4H22a1 1 0 0 1 1 1Z,Media,,24px
Fullscreen,M22 10h-2V4h-6V2h7a1 1 0 0 1 1 1ZM10 20H4v-6H2v7a1 1 0 0 0 1 1h7Zm12 1v-7h-2v6h-6v2h7a1 1 0 0 0 1-1ZM4 4h6V2H3a1 1 0 0 0-1 1v7h2Z,Media,,24px
Fullscreen Exit,M22 10h-7a1 1 0 0 1-1-1V2h2v6h6Zm-12 5a1 1 0 0 0-1-1H2v2h6v6h2Zm6 1h6v-2h-7a1 1 0 0 0-1 1v7h2Zm-6-7V2H8v6H2v2h7a1 1 0 0 0 1-1Z,Media,Video,24px
Git Branch,M22 5a4 4 0 1 0-5 3.86V9a2 2 0 0 1-2 2H9a3.91 3.91 0 0 0-2 .56v-2.7a4 4 0 1 0-2 0v6.28a4 4 0 1 0 2 0V15a2 2 0 0 1 2-2h6a4 4 0 0 0 4-4v-.14A4 4 0 0 0 22 5ZM4 5a2 2 0 1 1 2 2 2 2 0 0 1-2-2Zm4 14a2 2 0 1 1-2-2 2 2 0 0 1 2 2ZM18 7a2 2 0 1 1 2-2 2 2 0 0 1-2 2Z,Technology,,24px
Headphones,M12 1A10 10 0 0 0 2 11v9a3 3 0 0 0 3 3h2a3 3 0 0 0 3-3v-3a3 3 0 0 0-3-3H4v-3a8 8 0 0 1 16 0v3h-3a3 3 0 0 0-3 3v3a3 3 0 0 0 3 3h2a3 3 0 0 0 3-3v-9A10 10 0 0 0 12 1ZM7 16a1 1 0 0 1 1 1v3a1 1 0 0 1-1 1H5a1 1 0 0 1-1-1v-4Zm13 2v2a1 1 0 0 1-1 1h-2a1 1 0 0 1-1-1v-3a1 1 0 0 1 1-1h3v2Z,Media,Video,24px
Heart,M12 22a1 1 0 0 1-.57-.18C11 21.52 1 14.45 1 8a6 6 0 0 1 11-3.32A6 6 0 0 1 23 8c0 6.45-10 13.52-10.43 13.82A1 1 0 0 1 12 22ZM7 4a4 4 0 0 0-4 4c0 4.2 6 9.56 9 11.77 3-2.21 9-7.57 9-11.77a4 4 0 0 0-7.92-.8 1 1 0 0 1-1 .8h-.2a1 1 0 0 1-1-.8A4 4 0 0 0 7 4Z,Communication,,24px
History,M23 12a11 11 0 0 1-22 0v-1h2v1a9 9 0 1 0 9-9 8.9 8.9 0 0 0-6.69 3H9v2H3a1 1 0 0 1-1-1V1h2v3.45A11 11 0 0 1 23 12ZM11 6v6a1 1 0 0 0 .38.78l5 4 1.24-1.56-4.62-3.7V6Z,System,,24px
Home,M21 23h-6v-2h5V10.45l-8-7.11-8 7.11V21h5v2H3a1 1 0 0 1-1-1V10a1 1 0 0 1 .34-.75l9-8a1 1 0 0 1 1.32 0l9 8A1 1 0 0 1 22 10v12a1 1 0 0 1-1 1Z,System,,24px
Inbox,m22.89 11.56-4-8A1 1 0 0 0 18 3H6a1 1 0 0 0-.89.55l-4 8A1.06 1.06 0 0 0 1 12v8a1 1 0 0 0 1 1h20a1 1 0 0 0 1-1v-8a1.06 1.06 0 0 0-.11-.44ZM6.62 5h10.76l3 6H16a1 1 0 0 0-.83.45L13.46 14h-2.92l-1.71-2.55A1 1 0 0 0 8 11H3.62ZM21 19H3v-6h4.46l1.71 2.55A1 1 0 0 0 10 16h4a1 1 0 0 0 .83-.45L16.54 13H21Z,Media,,24px
Information,M12 1a11 11 0 1 0 11 11A11 11 0 0 0 12 1Zm0 20a9 9 0 1 1 9-9 9 9 0 0 1-9 9Zm1-5h2v2H9v-2h2v-4H9v-2h3a1 1 0 0 1 1 1Zm-2.5-8.5A1.5 1.5 0 1 1 12 9a1.5 1.5 0 0 1-1.5-1.5Z,System,,24px
Layers,m1.49 8.86 10 6a1 1 0 0 0 1 0l10-6a1 1 0 0 0 0-1.72l-10-6a1 1 0 0 0-1 0l-10 6a1 1 0 0 0 0 1.72ZM12 3.17 20.06 8 12 12.83 3.94 8ZM23 12a1 1 0 0 1-.49.86l-10 6a1 1 0 0 1-1 0l-10-6a1 1 0 0 1 0-1.72l.49-.31L4 12l8 4.83L20.06 12 22 10.83l.51.31A1 1 0 0 1 23 12Zm0 4a1 1 0 0 1-.49.86l-10 6a1 1 0 0 1-1 0l-10-6a1 1 0 0 1 0-1.72l.49-.31L4 16l8 4.83L20.06 16 22 14.83l.51.31A1 1 0 0 1 23 16Z,Media,,24px
Link 01,M7 22a5 5 0 0 1-3.54-8.54l4-4a5 5 0 0 1 7.08 0l.7.71-1.41 1.42-.71-.71a3 3 0 0 0-4.24 0l-4 4a3 3 0 0 0 4.24 4.24L11 17.24l1.41 1.42-1.87 1.88A5 5 0 0 1 7 22Zm9.54-7.46 4-4a5 5 0 0 0-7.08-7.08l-1.87 1.88L13 6.76l1.88-1.88a3 3 0 1 1 4.24 4.24l-4 4a3 3 0 0 1-4.24 0l-.71-.71-1.41 1.42.7.71a5 5 0 0 0 7.08 0Z,Actions,,24px
Link 02,M7.24 22a5.24 5.24 0 0 1-3.7-8.95L7 9.59 8.41 11 5 14.47a3.24 3.24 0 0 0 0 4.58 3.3 3.3 0 0 0 4.58 0L13 15.59 14.41 17 11 20.47A5.21 5.21 0 0 1 7.24 22Zm13.22-11a5.23 5.23 0 0 0 0-7.41A5.14 5.14 0 0 0 16.76 2a5.21 5.21 0 0 0-3.71 1.53L9.59 7 11 8.41 14.47 5a3.3 3.3 0 0 1 4.58 0 3.24 3.24 0 0 1 0 4.58L15.59 13 17 14.41Zm-3.05-3L16 6.59 6.59 16 8 17.41Z,Actions,,24px
Link Out,M22 3v8h-2V5.41l-7.29 7.3-1.42-1.42L18.59 4H13V2h8a1 1 0 0 1 1 1Zm-4 17H4V6h6V4H3a1 1 0 0 0-1 1v16a1 1 0 0 0 1 1h16a1 1 0 0 0 1-1v-7h-2Z,Navigation,,24px
List To Do,m6.29 9.29 1.42 1.42-4 4a1 1 0 0 1-1.42 0l-2-2 1.42-1.42L3 12.59ZM3 4.59l-1.29-1.3L.29 4.71l2 2a1 1 0 0 0 1.42 0l4-4-1.42-1.42Zm0 16-1.29-1.3-1.42 1.42 2 2a1 1 0 0 0 1.42 0l4-4-1.42-1.42ZM10 16h13v-2H10Zm0-14v2h13V2Zm11 6H10v2h11ZM10 22h11v-2H10Z,Communication,,24px
List Unordered,M4 15a1.5 1.5 0 1 1-1.5-1.5A1.5 1.5 0 0 1 4 15ZM2.5 1.5A1.5 1.5 0 1 0 4 3a1.5 1.5 0 0 0-1.5-1.5Zm0 6A1.5 1.5 0 1 0 4 9a1.5 1.5 0 0 0-1.5-1.5Zm0 12A1.5 1.5 0 1 0 4 21a1.5 1.5 0 0 0-1.5-1.5ZM6 16h17v-2H6ZM6 2v2h17V2Zm15 6H6v2h15ZM6 22h15v-2H6Z,Communication,,24px
Lock,M20 10h-2V7A6 6 0 0 0 6 7v3H4a1 1 0 0 0-1 1v11a1 1 0 0 0 1 1h16a1 1 0 0 0 1-1V11a1 1 0 0 0-1-1ZM8 7a4 4 0 0 1 8 0v3H8Zm11 14H5v-9h14Zm-6-2h-2v-5h2Z,System,,24px
Mail,M22 3H2a1 1 0 0 0-1 1v16a1 1 0 0 0 1 1h20a1 1 0 0 0 1-1V4a1 1 0 0 0-1-1Zm-1.41 2L12 13.59 3.41 5ZM3 19V7.41l8.29 8.3a1 1 0 0 0 1.42 0L21 7.41V19Z,Communication,,24px
Map,M22.55 4.17a1 1 0 0 0-.94-.09l-6.38 2.73-5.52-5.52h-.06a.39.39 0 0 0-.1-.08s0 0-.05 0h-.09L9.25 1h-.37l-.22.05-7 3A1 1 0 0 0 1 5v14a1 1 0 0 0 .45.83A1 1 0 0 0 2 20a1 1 0 0 0 .39-.08l6.38-2.73 5.52 5.52a.58.58 0 0 0 .12.1.67.67 0 0 0 .12.06h.09A1 1 0 0 0 15 23a.84.84 0 0 0 .38-.08l7-3A1 1 0 0 0 23 19V5a1 1 0 0 0-.45-.83ZM3 5.66l5-2.14v11.82l-5 2.14Zm7-1.25 4 4v11.18l-4-4Zm11 13.93-5 2.14V8.66l5-2.14Z,Miscellaneous,,24px
Megaphone,M22.6 2.2a1 1 0 0 0-.89-.2l-20 6A1 1 0 0 0 1 9v6a1 1 0 0 0 .71 1L6 17.24V21a1 1 0 0 0 1 1h6a1 1 0 0 0 1-1v-1.35L21.71 22a1 1 0 0 0 .29 0 1 1 0 0 0 .6-.2 1 1 0 0 0 .4-.8V3a1 1 0 0 0-.4-.8ZM3 9.74l14-4.2v12.92l-14-4.2ZM12 20H8v-2.16l4 1.21Zm9-.34-2-.6V4.94l2-.6Z,Communication,,24px
Mentions,M13.59 1.11A11 11 0 0 0 1 12a10.18 10.18 0 0 0 .06 1.11v.18c0 .31.08.62.14.92a11 11 0 0 0 3 5.53 11.68 11.68 0 0 0 1.6 1.32 7.45 7.45 0 0 0 .71.43l.22.14.59.28.41.19.45.16a5.89 5.89 0 0 0 .59.21l.29.07c.25.07.51.14.77.19h.1A11 11 0 0 0 12 23a11 11 0 0 0 7.78-3.22l-1.42-1.42a9 9 0 0 1-8.06 2.47c-.23 0-.45-.1-.67-.16l-.2-.05c-.17-.05-.34-.12-.5-.18l-.35-.13-.35-.16-.47-.22-.19-.12c-.2-.11-.39-.22-.58-.35a9 9 0 0 1-3.76-5.62q-.08-.37-.12-.78s0-.08 0-.12A8.93 8.93 0 0 1 6.1 5.2a9 9 0 0 1 7.21-2.11A9.22 9.22 0 0 1 21 12.34V13a2 2 0 0 1-4 0V7h-2v1a4.92 4.92 0 0 0-3-1 5 5 0 0 0 0 10 5 5 0 0 0 3.73-1.71A4 4 0 0 0 23 13v-.66a11.23 11.23 0 0 0-9.41-11.23ZM12 15a3 3 0 1 1 3-3 3 3 0 0 1-3 3Z,Media,,24px
Mic,M12 17a5 5 0 0 0 5-5V6A5 5 0 0 0 7 6v6a5 5 0 0 0 5 5ZM9 6a3 3 0 0 1 6 0v6a3 3 0 0 1-6 0Zm4 13.93V21h3v2H8v-2h3v-1.07A8 8 0 0 1 4 12h2a6 6 0 0 0 12 0h2a8 8 0 0 1-7 7.93Z,Communication,,24px
Mic Off,m18.88 16.06-1.47-1.47A6.07 6.07 0 0 0 18 12h2a7.9 7.9 0 0 1-1.12 4.06ZM9 6a3 3 0 0 1 6 0v6a.78.78 0 0 1 0 .16l1.66 1.66A4.8 4.8 0 0 0 17 12V6a5 5 0 0 0-9.73-1.55L9 6.18Zm4 13.93V21h3v2H8v-2h3v-1.07A8 8 0 0 1 4 12h2a6 6 0 0 0 9.47 4.89l-.72-.72A5 5 0 0 1 7 12V8.41l-5.71-5.7 1.42-1.42 20 20-1.42 1.42-4.39-4.4a7.94 7.94 0 0 1-3.9 1.62Zm.29-5.23L9 10.41V12a3 3 0 0 0 4.29 2.7Z,Communication,,24px
Move,M22.71 12.71 19 16.41 17.59 15l2-2H13v6.59l2-2L16.41 19l-3.7 3.71a1 1 0 0 1-1.42 0L7.59 19 9 17.59l2 2V13H4.41l2 2L5 16.41l-3.71-3.7a1 1 0 0 1 0-1.42L5 7.59 6.41 9l-2 2H11V4.41l-2 2L7.59 5l3.7-3.71a1 1 0 0 1 1.42 0L16.41 5 15 6.41l-2-2V11h6.59l-2-2L19 7.59l3.71 3.7a1 1 0 0 1 0 1.42Z,Actions,,24px
Music,M20.61 1.21a1 1 0 0 0-.87-.21l-11 3A1 1 0 0 0 8 5v10.56A3.91 3.91 0 0 0 6 15a4 4 0 1 0 4 4V5.76l9-2.45v9.25a3.91 3.91 0 0 0-2-.56 4 4 0 1 0 4 4V2a1 1 0 0 0-.39-.79ZM6 21a2 2 0 1 1 2-2 2 2 0 0 1-2 2Zm11-3a2 2 0 1 1 2-2 2 2 0 0 1-2 2Z,Media,,24px
Notifications,M13 20h2a3 3 0 0 1-6 0h2a1 1 0 0 0 2 0Zm8-5v3a1 1 0 0 1-1 1H4a1 1 0 0 1-1-1v-3a1 1 0 0 1 .29-.71L5 12.59V8a7 7 0 0 1 14 0v4.59l1.71 1.7A1 1 0 0 1 21 15Zm-2 .41-1.71-1.7A1 1 0 0 1 17 13V8A5 5 0 0 0 7 8v5a1 1 0 0 1-.29.71L5 15.41V17h14Z,Communication,,24px
Notifications Off,M13 20h2a3 3 0 0 1-6 0h2a1 1 0 0 0 2 0ZM12 3a5 5 0 0 1 5 5v5a1 1 0 0 0 .29.71l1.71 1.7v.77l2 2a.8.8 0 0 0 0-.18v-3a1 1 0 0 0-.29-.71L19 12.59V8A7 7 0 0 0 6.5 3.68l1.43 1.43A5 5 0 0 1 12 3Zm9.29 19.71L17.59 19H4a1 1 0 0 1-1-1v-3a1 1 0 0 1 .29-.71L5 12.59V8a6.74 6.74 0 0 1 .16-1.43L1.29 2.71l1.42-1.42 20 20ZM15.59 17 7 8.41V13a1 1 0 0 1-.29.71L5 15.41V17Z,Communication,,24px
Octothorp,m15.91 1-.5 6h-6l.5-6h-2l-.5 6H1v2h6.25l-.5 6H1v2h5.58l-.5 6h2l.5-6h6l-.5 6h2l.5-6H23v-2h-6.25l.5-6H23V7h-5.58l.5-6Zm-1.16 14h-6l.5-6h6Z,Communication,,24px
Paper Clip,M14 1a5 5 0 0 0-5 5v10a3 3 0 0 0 6 0V6h-2v10a1 1 0 0 1-2 0V6a3 3 0 0 1 6 0v10a5 5 0 0 1-10 0V6H5v10a7 7 0 0 0 14 0V6a5 5 0 0 0-5-5Z,Media,,24px
Phone,M22 23A21 21 0 0 1 1 2a1 1 0 0 1 1-1h6.3a2 2 0 0 1 1.85 1.25L11.68 6a2 2 0 0 1-.44 2.17l-1.88 1.89a15.16 15.16 0 0 0 4.58 4.58l1.88-1.88a2 2 0 0 1 2.18-.44l3.76 1.53A2 2 0 0 1 23 15.7V22a1 1 0 0 1-1 1ZM3 3a19 19 0 0 0 18 18v-5.3l-3.76-1.52-2.43 2.43a1 1 0 0 1-1.21.16 17.08 17.08 0 0 1-6.37-6.37 1 1 0 0 1 .16-1.21l2.43-2.43L8.3 3Z,Communication,,24px
Pin,M22.71 21.29 16.41 15l4.3-4.29a1 1 0 0 0 0-1.42c-2.48-2.47-6.1-3.09-7.79-3.24a8.38 8.38 0 0 0-2.21-4.76 1 1 0 0 0-1.42 0l-8 8A1 1 0 0 0 1 10a1.05 1.05 0 0 0 .29.71 8.38 8.38 0 0 0 4.76 2.21c.15 1.69.77 5.31 3.24 7.79a1 1 0 0 0 1.42 0l4.29-4.3 6.29 6.3ZM3.49 9.93l6.44-6.44a7.16 7.16 0 0 1 1 3.12L6.61 11a7.12 7.12 0 0 1-3.12-1.07Zm6.56 8.6A12.17 12.17 0 0 1 8 12.4L12.4 8a12.17 12.17 0 0 1 6.13 2Z,Media,,24px
Playlist,M1 14h22v2H1ZM12 2v2h11V2Zm0 8h11V8H12ZM1 22h22v-2H1ZM.94 10V1.73a1 1 0 0 1 .51-.87 1 1 0 0 1 1 0l7.07 4.28A1 1 0 0 1 10 6a1 1 0 0 1-.51.86l-7 4a1 1 0 0 1-.5.13.93.93 0 0 1-.5-.14A1 1 0 0 1 .94 10Zm2-1.72L7 6 2.94 3.51Z,Media,,24px
Present,M19 14h2v7a1 1 0 0 1-1 1H4a1 1 0 0 1-1-1v-7h2v6h6v-6h2v6h6Zm4-7v5a1 1 0 0 1-1 1H2a1 1 0 0 1-1-1V7a1 1 0 0 1 1-1h1.35A3.45 3.45 0 0 1 3 4.5 3.5 3.5 0 0 1 6.5 1c2.17 0 3.74 1.7 5.5 4.22C13.76 2.7 15.33 1 17.5 1A3.5 3.5 0 0 1 21 4.5a3.45 3.45 0 0 1-.35 1.5H22a1 1 0 0 1 1 1Zm-9.1-1h3.6a1.5 1.5 0 0 0 0-3c-1.2 0-2.31 1.18-3.6 3ZM6.5 6h3.6C8.81 4.18 7.7 3 6.5 3a1.5 1.5 0 0 0 0 3ZM3 11h8V8H3Zm18-3h-8v3h8Z,Miscellaneous,,24px
Refresh Double,M12 1a10.91 10.91 0 0 0-8 3.45V1H2v6a1 1 0 0 0 1 1h6V6H5.31A8.9 8.9 0 0 1 12 3a9 9 0 0 1 9 9v1h2v-1A11 11 0 0 0 12 1Zm0 22a10.91 10.91 0 0 0 8-3.45V23h2v-6a1 1 0 0 0-1-1h-6v2h3.69A8.9 8.9 0 0 1 12 21a9 9 0 0 1-9-9v-1H1v1a11 11 0 0 0 11 11Z,Actions,Arrow,24px
Refresh Single,M12 1a10.91 10.91 0 0 0-8 3.45V1H2v6a1 1 0 0 0 1 1h6V6H5.31A8.9 8.9 0 0 1 12 3a9 9 0 1 1-9 9v-1H1v1A11 11 0 1 0 12 1Z,Actions,Arrow,24px
Reporting,M20 2a3 3 0 0 0-3 3 3 3 0 0 0 1 2.24L16.12 12H16a3.06 3.06 0 0 0-1.66.5l-3.49-2.61A2.91 2.91 0 0 0 11 9a3 3 0 0 0-6 0 3 3 0 0 0 1 2.24L4.12 16H4a3 3 0 1 0 3 3 3 3 0 0 0-1-2.24L7.88 12H8a3.06 3.06 0 0 0 1.66-.5l3.49 2.61A2.91 2.91 0 0 0 13 15a3 3 0 0 0 6 0 3 3 0 0 0-1-2.24L19.88 8H20a3 3 0 0 0 0-6ZM4 20a1 1 0 1 1 1-1 1 1 0 0 1-1 1Zm4-10a1 1 0 1 1 1-1 1 1 0 0 1-1 1Zm8 6a1 1 0 1 1 1-1 1 1 0 0 1-1 1Zm4-10a1 1 0 1 1 1-1 1 1 0 0 1-1 1Z,Technology,,24px
Respond,m23.7 15.7-4 4c-.2.2-.4.3-.7.3s-.5-.1-.7-.3l-4-4 1.4-1.4 2.3 2.3V6h-8V4h9c.6 0 1 .4 1 1v11.6l2.3-2.3 1.4 1.4zM6 7.4l2.3 2.3 1.4-1.4-4-4c-.4-.4-1-.4-1.4 0l-4 4 1.4 1.4L4 7.4V19c0 .6.4 1 1 1h9v-2H6V7.4z,Communication,Arrow,24px
Search,m22.71 21.29-6.54-6.54a8.53 8.53 0 1 0-1.42 1.42l6.54 6.54ZM9.5 16A6.5 6.5 0 1 1 16 9.5 6.51 6.51 0 0 1 9.5 16Z,System,,24px
Send,M22.71 1.29a1 1 0 0 0-1-.23l-20 7a1 1 0 0 0-.08 1.85l8.65 3.85 3.85 8.65A1 1 0 0 0 15 23a1 1 0 0 0 .9-.67l7-20a1 1 0 0 0-.19-1.04Zm-18 7.82 13.48-4.72-7.41 7.42Zm10.18 10.18-2.7-6.07 7.42-7.41Z,Communication,,24px
Separate Horizontal,m15.71 18.71-1.42-1.42 5.3-5.29-5.3-5.29 1.42-1.42 6 6a1 1 0 0 1 0 1.42Zm-6-1.42L4.41 12l5.3-5.29-1.42-1.42-6 6a1 1 0 0 0 0 1.42l6 6Z,Navigation,Chevron,24px
Separate Vertical,M17.29 9.71 12 4.41l-5.29 5.3-1.42-1.42 6-6a1 1 0 0 1 1.42 0l6 6Zm-4.58 12 6-6-1.42-1.42-5.29 5.3-5.29-5.3-1.42 1.42 6 6a1 1 0 0 0 1.42 0Z,Navigation,Chevron,24px
Settings,M14 23h-4a1 1 0 0 1-1-.76l-.8-3.19-.45-.26-3.16.9a1 1 0 0 1-1.15-.46l-2-3.46a1 1 0 0 1 .17-1.22L4 12.27v-.54L1.64 9.45a1 1 0 0 1-.17-1.22l2-3.46a1 1 0 0 1 1.15-.46l3.16.9.45-.21L9 1.76A1 1 0 0 1 10 1h4a1 1 0 0 1 1 .76L15.77 5l.45.26 3.16-.9a1 1 0 0 1 1.15.46l2 3.46a1 1 0 0 1-.17 1.22L20 11.73v.54l2.36 2.28a1 1 0 0 1 .17 1.22l-2 3.46a1 1 0 0 1-1.15.46l-3.16-.9-.45.26-.77 3.19a1 1 0 0 1-1 .76Zm-3.22-2h2.44l.72-2.88a1 1 0 0 1 .55-.67 6.24 6.24 0 0 0 1-.56 1 1 0 0 1 .86-.15l2.85.82 1.22-2.12-2.13-2.06a1 1 0 0 1-.3-.81 5.43 5.43 0 0 0 0-1.14 1 1 0 0 1 .3-.81l2.11-2.06-1.22-2.12-2.85.82a1 1 0 0 1-.86-.15 6.24 6.24 0 0 0-1-.56 1 1 0 0 1-.55-.67L13.22 3h-2.44l-.72 2.88a1 1 0 0 1-.55.67 6.24 6.24 0 0 0-1 .56 1 1 0 0 1-.86.15l-2.83-.82L3.6 8.56l2.13 2.06a1 1 0 0 1 .3.81 5.43 5.43 0 0 0 0 1.14 1 1 0 0 1-.3.81L3.6 15.44l1.22 2.12 2.85-.82a1 1 0 0 1 .86.15 6.24 6.24 0 0 0 1 .56 1 1 0 0 1 .55.67ZM12 16a4 4 0 1 1 4-4 4 4 0 0 1-4 4Zm0-6a2 2 0 1 0 2 2 2 2 0 0 0-2-2Z,System,,24px
Sound,M14 3h-2.4a1 1 0 0 0-.58.19L5.68 7H4a3 3 0 0 0-3 3v4a3 3 0 0 0 3 3h1.68L11 20.81a1 1 0 0 0 .58.19H14a1 1 0 0 0 1-1V4a1 1 0 0 0-1-1Zm-1 16h-1.08l-5.34-3.81A1 1 0 0 0 6 15H4a1 1 0 0 1-1-1v-4a1 1 0 0 1 1-1h2a1 1 0 0 0 .58-.19L11.92 5H13Zm7.69-1.3-1.43-1.4a6.18 6.18 0 0 0 0-8.6l1.43-1.4a8.21 8.21 0 0 1 0 11.4Zm-3-8.87a4.56 4.56 0 0 1 0 6.34l-1.42-1.4a2.55 2.55 0 0 0 0-3.54Z,Media,Audio,24px
Sound Off,M19.26 16.3a6.18 6.18 0 0 0 0-8.6l1.43-1.4a8.21 8.21 0 0 1 0 11.4Zm-2.84-2.7 1.42 1.4a4.55 4.55 0 0 0-.13-6.19l-1.42 1.4a2.54 2.54 0 0 1 .13 3.39ZM11.92 5H13v5.18l2 2V4a1 1 0 0 0-1-1h-2.4a1 1 0 0 0-.58.19L8.09 5.27l1.44 1.44Zm9.87 18.21L15 16.41V20a1 1 0 0 1-1 1h-2.4a1 1 0 0 1-.58-.19L5.68 17H4a3 3 0 0 1-3-3v-4a3 3 0 0 1 3-3h1.59L.79 2.21 2.21.79l21 21ZM13 14.41 7.06 8.47l-.48.34A1 1 0 0 1 6 9H4a1 1 0 0 0-1 1v4a1 1 0 0 0 1 1h2a1 1 0 0 1 .58.19L11.92 19H13Z,Media,Audio,24px
Speech 01,M22 23a1 1 0 0 1-.35-.06l-5.45-2.05a10.49 10.49 0 1 1 4.7-4.69l2 5.45a1 1 0 0 1-.24 1.06A1 1 0 0 1 22 23Zm-5.86-4.2a1 1 0 0 1 .35.06l3.81 1.43-1.42-3.81a1 1 0 0 1 .06-.84 8.54 8.54 0 1 0-3.29 3.28 1.07 1.07 0 0 1 .48-.12Z,Communication,Speech,24px
Speech 02,M11 23a1 1 0 0 1-.71-.29l-6.52-6.53A9.36 9.36 0 0 1 1 9.5 8.51 8.51 0 0 1 9.5 1h5a8.5 8.5 0 0 1 0 17H12v4a1 1 0 0 1-.62.92.84.84 0 0 1-.38.08ZM9.5 3A6.51 6.51 0 0 0 3 9.5a7.4 7.4 0 0 0 2.18 5.27L10 19.59V17a1 1 0 0 1 1-1h3.5a6.5 6.5 0 0 0 0-13Z,Communication,Speech,24px
Speech 03,M22 23H12a11 11 0 1 1 8.45-4l2.26 2.25a1 1 0 0 1 .21 1.09A1 1 0 0 1 22 23ZM12 3a9 9 0 0 0 0 18h7.59l-1.23-1.22a1 1 0 0 1 0-1.42A9 9 0 0 0 12 3Z,Communication,Speech,24px
Suitcase,M22 5h-6V2a1 1 0 0 0-1-1H9a1 1 0 0 0-1 1v3H2a1 1 0 0 0-1 1v15a1 1 0 0 0 1 1h20a1 1 0 0 0 1-1V6a1 1 0 0 0-1-1ZM10 3h4v2h-4Zm7 4v13H7V7ZM3 7h2v13H3Zm18 13h-2V7h2Z,System,,24px
Switch Horizontal,m20.71 17.71-5 5-1.42-1.42 3.3-3.29H3v-2h14.59l-3.3-3.29 1.42-1.42 5 5a1 1 0 0 1 0 1.42Zm-11-6.42L6.41 8H21V6H6.41l3.3-3.29-1.42-1.42-5 5a1 1 0 0 0 0 1.42l5 5Z,Actions,Arrow,24px
Switch Vertical,M21.29 9.71 18 6.41V21h-2V6.41l-3.29 3.3-1.42-1.42 5-5a1 1 0 0 1 1.42 0l5 5ZM8 17.59V3H6v14.59l-3.29-3.3-1.42 1.42 5 5a1 1 0 0 0 1.42 0l5-5-1.42-1.42Z,Actions,Arrow,24px
Trash,M16.78 5 16 1.76A1 1 0 0 0 15 1H9a1 1 0 0 0-1 .76L7.22 5H2v2h20V5Zm-7-2h4.44l.5 2H9.28ZM11 8v11H9V8Zm4 0v11h-2V8Zm3.24 0h2l-1.75 14.12a1 1 0 0 1-1 .88H6.5a1 1 0 0 1-1-.88L3.74 8h2l1.64 13h9.24Z,System,,24px
Unify Horizontal,m20.29 18.71-6-6a1 1 0 0 1 0-1.42l6-6 1.42 1.42-5.3 5.29 5.3 5.29Zm-10.58-6a1 1 0 0 0 0-1.42l-6-6-1.42 1.42L7.59 12l-5.3 5.29 1.42 1.42Z,Navigation,Chevron,24px
Unify Vertical,M12 10a1 1 0 0 1-.71-.29l-6-6 1.42-1.42L12 7.59l5.29-5.3 1.42 1.42-6 6A1 1 0 0 1 12 10Zm6.71 10.29-6-6a1 1 0 0 0-1.42 0l-6 6 1.42 1.42 5.29-5.3 5.29 5.3Z,Navigation,Chevron,24px
Update Desktop,M22 1h-7v2h6v12H3V3h6V1H2c-.6 0-1 .4-1 1v14c0 .6.4 1 1 1h7c0 1.5-.5 2.9-1.4 4H5v2h14v-2h-2.6c-.9-1.1-1.4-2.5-1.4-4h7c.6 0 1-.4 1-1V2c0-.6-.4-1-1-1zm-8 20h-4c.7-1.2 1-2.6 1-4h2c0 1.4.4 2.8 1 4zM11 9.6V1h2v8.6l2.3-2.3 1.4 1.4-4 4c-.2.2-.4.3-.7.3s-.5-.1-.7-.3l-4-4 1.4-1.4L11 9.6z,Media,,24px
Update Mobile,M20 3v18a2 2 0 0 1-2 2H6a2 2 0 0 1-2-2V3a2 2 0 0 1 2-2h3v2H6v18h12V3h-3V1h3a2 2 0 0 1 2 2Zm-9 16a1 1 0 1 0 1-1 1 1 0 0 0-1 1ZM8.71 7.29 7.29 8.71l4 4a1 1 0 0 0 1.42 0l4-4-1.42-1.42L13 9.59V1h-2v8.59Z,Technology,,24px
Upload,m11.29 16.71-6-6 1.42-1.42 4.29 4.3V1h2v12.59l4.29-4.3 1.42 1.42-6 6a1 1 0 0 1-1.42 0ZM20 15v6H4v-6H2v7a1 1 0 0 0 1 1h18a1 1 0 0 0 1-1v-7Z,Actions,Arrow,24px
User,M12 11a5 5 0 1 0-5-5 5 5 0 0 0 5 5Zm0-8a3 3 0 1 1-3 3 3 3 0 0 1 3-3Zm9.55 11.17C21.42 14.08 18.23 12 12 12s-9.42 2.08-9.55 2.17A1 1 0 0 0 2 15c0 4.49 4.39 8 10 8s10-3.51 10-8a1 1 0 0 0-.45-.83ZM12 21c-4.23 0-7.59-2.34-8-5.43A18.19 18.19 0 0 1 12 14a18.19 18.19 0 0 1 8 1.57c-.41 3.09-3.77 5.43-8 5.43Z,System,,24px
Verified,m20.83 12 1.54-2.58a1 1 0 0 0 .09-.82 1 1 0 0 0-.56-.6l-2.75-1.19-.28-3a1 1 0 0 0-.4-.72 1 1 0 0 0-.81-.17l-2.93.67-2-2.26a1 1 0 0 0-1.5 0l-2 2.26-2.89-.66a1 1 0 0 0-.81.17 1 1 0 0 0-.4.72l-.28 3L2.1 8a1 1 0 0 0-.56.61 1 1 0 0 0 .09.82L3.17 12l-1.54 2.58a1 1 0 0 0-.09.82 1 1 0 0 0 .56.6l2.75 1.18.28 3a1 1 0 0 0 .4.72 1 1 0 0 0 .81.17l2.93-.67 2 2.26a1 1 0 0 0 1.5 0l2-2.26 2.93.67a1 1 0 0 0 .81-.17 1 1 0 0 0 .4-.72l.28-3L21.9 16a1 1 0 0 0 .56-.61 1 1 0 0 0-.09-.82Zm-2 .51 1.26 2.11-2.26 1a1 1 0 0 0-.6.83L17 18.86l-2.4-.54a1 1 0 0 0-1 .31L12 20.48l-1.62-1.85a1 1 0 0 0-.75-.34.83.83 0 0 0-.22 0L7 18.86l-.22-2.44a1 1 0 0 0-.6-.83l-2.26-1 1.26-2.11a1 1 0 0 0 0-1l-1.25-2.1 2.26-1a1 1 0 0 0 .6-.83L7 5.14l2.4.54a1 1 0 0 0 1-.31L12 3.52l1.62 1.85a1 1 0 0 0 1 .31L17 5.14l.22 2.44a1 1 0 0 0 .6.83l2.26 1-1.26 2.11a1 1 0 0 0-.01.99Zm-3.54-3.72 1.42 1.42-5 5a1 1 0 0 1-1.42 0l-3-3 1.42-1.42 2.29 2.3Z,Media,Check,24px
Video,M22 6h-2a1 1 0 0 0-.6.2L17 8V5a1 1 0 0 0-1-1H2a1 1 0 0 0-1 1v14a1 1 0 0 0 1 1h14a1 1 0 0 0 1-1v-3l2.4 1.8a1 1 0 0 0 .6.2h2a1 1 0 0 0 1-1V7a1 1 0 0 0-1-1Zm-7 12H3V6h12Zm6-2h-.67L17 13.5v-3L20.33 8H21Z,Media,Video,24px
Video Off,m8.82 6-2-2H16a1 1 0 0 1 1 1v3l2.4-1.8A1 1 0 0 1 20 6h2a1 1 0 0 1 1 1v10a1 1 0 0 1-1 1h-1.18L19 16.18V16h2V8h-.67L17 10.5v3.68l-2-2V6Zm13 17.21L17 18.41V19a1 1 0 0 1-1 1H2a1 1 0 0 1-1-1V5a1 1 0 0 1 1-1h.59L.79 2.21 2.21.79l21 21ZM15 16.41 4.59 6H3v12h12Z,Media,Video,24px